order_id,product_id,quantity,unit_price
ORD_00001,PROD_017,4,1929
ORD_00001,PROD_040,3,2798
ORD_00002,PROD_030,2,3918
ORD_00002,PROD_030,2,2382
ORD_00002,PROD_020,3,4442
ORD_00003,PROD_049,3,3622
ORD_00003,PROD_046,3,3994
ORD_00004,PROD_017,1,3473
ORD_00005,PROD_017,1,3819
ORD_00005,PROD_043,3,3740
ORD_00005,PROD_023,1,1731
ORD_00006,PROD_034,4,4873
ORD_00007,PROD_031,2,4785
ORD_00007,PROD_027,2,1189
ORD_00008,PROD_003,3,3954
ORD_00008,PROD_020,3,955
ORD_00009,PROD_034,2,3198
ORD_00010,PROD_029,4,1398
ORD_00010,PROD_046,1,815
ORD_00011,PROD_031,1,4610
ORD_00012,PROD_020,4,4323
ORD_00012,PROD_036,3,3563
ORD_00013,PROD_044,3,1294
ORD_00014,PROD_037,2,3675
ORD_00014,PROD_027,2,2349
ORD_00014,PROD_006,3,3247
ORD_00015,PROD_018,4,3353
ORD_00015,PROD_004,2,4529
ORD_00016,PROD_046,4,2677
ORD_00017,PROD_023,4,3196
ORD_00017,PROD_020,1,1982
ORD_00017,PROD_018,2,4504
ORD_00018,PROD_025,3,2688
ORD_00018,PROD_042,3,1925
ORD_00019,PROD_044,3,4534
ORD_00019,PROD_030,4,4371
ORD_00020,PROD_006,4,3087
ORD_00021,PROD_011,2,2131
ORD_00021,PROD_035,4,1882
ORD_00022,PROD_028,3,1651
ORD_00023,PROD_020,3,3104
ORD_00024,PROD_017,3,3640
ORD_00025,PROD_035,1,800
ORD_00026,PROD_002,4,3110
ORD_00027,PROD_024,4,4509
ORD_00028,PROD_020,2,4887
ORD_00028,PROD_038,4,3174
ORD_00029,PROD_003,4,1162
ORD_00029,PROD_043,2,3805
ORD_00029,PROD_030,1,4453
ORD_00030,PROD_018,3,3370
ORD_00030,PROD_020,2,2703
ORD_00030,PROD_007,1,615
ORD_00031,PROD_017,3,566
ORD_00031,PROD_011,3,1187
ORD_00031,PROD_006,3,741
ORD_00032,PROD_005,4,332
ORD_00032,PROD_018,1,2168
ORD_00033,PROD_036,4,355
ORD_00034,PROD_042,4,3126
ORD_00034,PROD_043,4,3761
ORD_00034,PROD_006,1,682
ORD_00035,PROD_023,1,3789
ORD_00035,PROD_009,1,2740
ORD_00035,PROD_024,4,219
ORD_00036,PROD_039,2,3656
ORD_00036,PROD_001,1,919
ORD_00037,PROD_043,4,1710
ORD_00038,PROD_031,3,4427
ORD_00038,PROD_017,2,1304
ORD_00039,PROD_013,3,4025
ORD_00039,PROD_012,2,3446
ORD_00039,PROD_027,3,260
ORD_00040,PROD_003,1,2223
ORD_00040,PROD_007,3,255
ORD_00041,PROD_008,3,364
ORD_00042,PROD_023,1,4536
ORD_00042,PROD_025,4,4512
ORD_00042,PROD_042,4,2020
ORD_00043,PROD_031,3,3635
ORD_00044,PROD_020,3,300
ORD_00044,PROD_035,1,4728
ORD_00045,PROD_042,3,2028
ORD_00045,PROD_044,1,1741
ORD_00046,PROD_022,2,4735
ORD_00046,PROD_025,4,3033
ORD_00046,PROD_008,3,2594
ORD_00047,PROD_031,4,4045
ORD_00047,PROD_006,2,3384
ORD_00047,PROD_001,2,1534
ORD_00048,PROD_045,4,2249
ORD_00049,PROD_029,4,1826
ORD_00050,PROD_043,3,703
ORD_00051,PROD_011,3,1479
ORD_00051,PROD_033,4,3662
ORD_00052,PROD_020,4,2746
ORD_00053,PROD_001,2,3031
ORD_00053,PROD_022,1,2754
ORD_00053,PROD_017,3,3819
ORD_00054,PROD_012,3,1018
ORD_00055,PROD_033,1,3176
ORD_00056,PROD_004,3,203
ORD_00056,PROD_040,4,2735
ORD_00056,PROD_022,4,884
ORD_00057,PROD_001,2,3224
ORD_00057,PROD_023,3,2185
ORD_00057,PROD_001,4,4390
ORD_00058,PROD_011,2,4349
ORD_00059,PROD_034,2,4163
ORD_00059,PROD_037,4,2607
ORD_00059,PROD_016,1,3718
ORD_00060,PROD_014,1,1875
ORD_00060,PROD_002,1,1896
ORD_00060,PROD_006,1,4993
ORD_00061,PROD_014,2,760
ORD_00061,PROD_050,3,490
ORD_00061,PROD_041,3,3290
ORD_00062,PROD_014,3,1669
ORD_00063,PROD_004,2,336
ORD_00063,PROD_047,3,1212
ORD_00063,PROD_035,1,4010
ORD_00064,PROD_012,3,4907
ORD_00064,PROD_034,1,3919
ORD_00064,PROD_018,1,2487
ORD_00065,PROD_022,3,4545
ORD_00066,PROD_028,1,2783
ORD_00066,PROD_017,2,1901
ORD_00067,PROD_013,1,2642
ORD_00068,PROD_017,4,476
ORD_00068,PROD_016,1,2226
ORD_00068,PROD_044,4,2383
ORD_00069,PROD_035,2,3353
ORD_00069,PROD_017,3,588
ORD_00069,PROD_008,1,1611
ORD_00070,PROD_001,2,3454
ORD_00070,PROD_007,4,2508
ORD_00071,PROD_011,3,2291
ORD_00072,PROD_008,4,1269
ORD_00073,PROD_012,2,970
ORD_00073,PROD_011,4,4533
ORD_00074,PROD_002,3,3060
ORD_00075,PROD_004,3,805
ORD_00075,PROD_050,1,4884
ORD_00076,PROD_008,4,1858
ORD_00077,PROD_038,4,1545
ORD_00078,PROD_017,1,1600
ORD_00078,PROD_025,4,4700
ORD_00079,PROD_031,1,2427
ORD_00079,PROD_037,2,4537
ORD_00080,PROD_037,3,4436
ORD_00081,PROD_024,4,1901
ORD_00082,PROD_014,3,3780
ORD_00082,PROD_007,1,1221
ORD_00083,PROD_043,3,2672
ORD_00083,PROD_041,3,2097
ORD_00084,PROD_020,1,2028
ORD_00085,PROD_031,4,4500
ORD_00086,PROD_026,2,4015
ORD_00086,PROD_046,2,3646
ORD_00086,PROD_003,2,1743
ORD_00087,PROD_036,1,3324
ORD_00087,PROD_017,1,2563
ORD_00088,PROD_046,3,3664
ORD_00089,PROD_038,2,400
ORD_00089,PROD_046,4,340
ORD_00090,PROD_021,3,4769
ORD_00091,PROD_036,2,1514
ORD_00092,PROD_011,2,2007
ORD_00093,PROD_001,2,1798
ORD_00094,PROD_008,4,510
ORD_00094,PROD_017,3,2537
ORD_00095,PROD_050,1,963
ORD_00095,PROD_030,3,2356
ORD_00096,PROD_024,2,838
ORD_00096,PROD_047,1,918
ORD_00097,PROD_033,2,3733
ORD_00098,PROD_026,4,999
ORD_00098,PROD_039,1,4974
ORD_00099,PROD_033,1,1243
ORD_00100,PROD_008,3,3775
ORD_00100,PROD_019,2,467
ORD_00100,PROD_010,4,1315
ORD_00101,PROD_032,1,2627
ORD_00101,PROD_011,4,4818
ORD_00102,PROD_029,3,4422
ORD_00102,PROD_031,1,2918
ORD_00102,PROD_026,2,744
ORD_00103,PROD_008,3,1539
ORD_00104,PROD_026,1,570
ORD_00104,PROD_009,1,2234
ORD_00104,PROD_013,3,3974
ORD_00105,PROD_012,2,741
ORD_00106,PROD_041,2,4300
ORD_00106,PROD_025,3,1553
ORD_00107,PROD_031,2,3005
ORD_00107,PROD_035,3,248
ORD_00107,PROD_045,4,2550
ORD_00108,PROD_037,2,873
ORD_00108,PROD_044,2,4297
ORD_00108,PROD_034,2,1777
ORD_00109,PROD_044,2,268
ORD_00109,PROD_011,2,3951
ORD_00109,PROD_033,1,4669
ORD_00110,PROD_016,4,3185
ORD_00111,PROD_016,2,3042
ORD_00112,PROD_002,2,3987
ORD_00113,PROD_048,2,2337
ORD_00113,PROD_040,4,202
ORD_00114,PROD_042,2,2400
ORD_00114,PROD_009,1,1956
ORD_00115,PROD_023,3,4052
ORD_00115,PROD_030,1,3495
ORD_00116,PROD_042,2,772
ORD_00117,PROD_045,2,771
ORD_00117,PROD_017,4,4491
ORD_00118,PROD_039,3,1971
ORD_00118,PROD_046,1,1194
ORD_00119,PROD_036,4,2597
ORD_00119,PROD_048,4,2802
ORD_00120,PROD_046,4,4069
ORD_00121,PROD_028,3,2102
ORD_00122,PROD_018,3,3140
ORD_00123,PROD_033,3,4398
ORD_00123,PROD_046,3,3005
ORD_00123,PROD_013,4,3706
ORD_00124,PROD_048,3,4128
ORD_00124,PROD_013,4,3064
ORD_00124,PROD_031,2,2089
ORD_00125,PROD_045,3,2942
ORD_00125,PROD_042,3,3783
ORD_00126,PROD_049,3,1848
ORD_00127,PROD_027,4,4838
ORD_00128,PROD_021,3,2268
ORD_00128,PROD_042,3,2853
ORD_00128,PROD_031,4,3914
ORD_00129,PROD_026,1,4614
ORD_00129,PROD_050,1,2826
ORD_00129,PROD_022,2,3636
ORD_00130,PROD_009,2,1925
ORD_00130,PROD_045,4,4823
ORD_00131,PROD_018,3,1400
ORD_00131,PROD_047,3,4217
ORD_00131,PROD_013,1,3240
ORD_00132,PROD_003,2,4974
ORD_00132,PROD_008,3,4196
ORD_00133,PROD_046,1,3568
ORD_00134,PROD_009,1,3745
ORD_00134,PROD_033,3,1258
ORD_00134,PROD_046,4,3306
ORD_00135,PROD_047,2,3601
ORD_00135,PROD_034,1,2983
ORD_00136,PROD_034,3,744
ORD_00137,PROD_015,4,707
ORD_00137,PROD_037,4,2656
ORD_00137,PROD_007,4,2996
ORD_00138,PROD_005,3,4241
ORD_00138,PROD_029,2,4091
ORD_00138,PROD_005,1,3787
ORD_00139,PROD_038,1,2580
ORD_00139,PROD_020,1,3173
ORD_00139,PROD_045,2,1871
ORD_00140,PROD_001,4,279
ORD_00141,PROD_048,4,256
ORD_00142,PROD_008,1,4224
ORD_00142,PROD_027,2,2073
ORD_00142,PROD_029,2,4845
ORD_00143,PROD_040,4,2842
ORD_00143,PROD_036,2,3888
ORD_00144,PROD_050,4,372
ORD_00145,PROD_007,1,2357
ORD_00145,PROD_022,2,3719
ORD_00146,PROD_047,4,3004
ORD_00146,PROD_018,3,259
ORD_00146,PROD_006,2,1752
ORD_00147,PROD_019,2,3239
ORD_00148,PROD_026,2,2608
ORD_00148,PROD_045,3,3525
ORD_00148,PROD_039,1,3149
ORD_00149,PROD_042,4,4894
ORD_00149,PROD_018,3,2603
ORD_00149,PROD_001,2,821
ORD_00150,PROD_032,4,4356
ORD_00150,PROD_017,4,4305
ORD_00150,PROD_013,2,4410
ORD_00151,PROD_018,4,1548
ORD_00152,PROD_038,4,947
ORD_00153,PROD_042,2,246
ORD_00154,PROD_046,2,737
ORD_00154,PROD_045,4,2186
ORD_00155,PROD_022,4,3868
ORD_00155,PROD_031,3,3779
ORD_00156,PROD_031,3,870
ORD_00157,PROD_041,1,660
ORD_00157,PROD_003,2,3631
ORD_00158,PROD_034,3,4241
ORD_00158,PROD_013,3,3571
ORD_00159,PROD_041,3,1272
ORD_00159,PROD_048,2,3683
ORD_00160,PROD_013,1,3013
ORD_00160,PROD_023,4,5000
ORD_00161,PROD_024,2,3489
ORD_00161,PROD_022,2,4173
ORD_00162,PROD_037,4,563
ORD_00163,PROD_014,3,1469
ORD_00163,PROD_046,2,3092
ORD_00164,PROD_005,1,2397
ORD_00164,PROD_022,3,2613
ORD_00164,PROD_039,1,3503
ORD_00165,PROD_026,1,3680
ORD_00165,PROD_021,4,1645
ORD_00165,PROD_012,2,409
ORD_00166,PROD_014,4,2337
ORD_00166,PROD_015,3,1284
ORD_00166,PROD_042,4,3933
ORD_00167,PROD_014,4,3541
ORD_00167,PROD_042,2,4471
ORD_00167,PROD_017,2,1010
ORD_00168,PROD_004,2,1473
ORD_00168,PROD_022,4,899
ORD_00169,PROD_031,1,793
ORD_00169,PROD_010,4,2134
ORD_00170,PROD_032,4,3741
ORD_00171,PROD_041,4,4845
ORD_00171,PROD_044,1,4946
ORD_00172,PROD_017,1,3489
ORD_00172,PROD_009,1,4158
ORD_00173,PROD_030,3,4841
ORD_00173,PROD_006,4,1218
ORD_00174,PROD_037,3,1735
ORD_00174,PROD_040,4,882
ORD_00175,PROD_033,4,213
ORD_00176,PROD_035,4,1265
ORD_00176,PROD_023,2,3444
ORD_00177,PROD_025,2,4668
ORD_00178,PROD_003,2,4974
ORD_00178,PROD_016,2,1809
ORD_00178,PROD_031,2,1109
ORD_00179,PROD_016,3,4216
ORD_00179,PROD_016,3,2568
ORD_00180,PROD_043,4,2450
ORD_00180,PROD_033,3,1864
ORD_00181,PROD_027,3,3668
ORD_00181,PROD_038,1,4728
ORD_00181,PROD_012,4,4103
ORD_00182,PROD_021,4,2534
ORD_00182,PROD_046,4,2917
ORD_00183,PROD_014,1,2131
ORD_00183,PROD_011,4,2805
ORD_00183,PROD_027,3,3848
ORD_00184,PROD_048,2,3866
ORD_00184,PROD_008,1,688
ORD_00185,PROD_020,3,4731
ORD_00185,PROD_031,2,951
ORD_00185,PROD_044,3,1828
ORD_00186,PROD_010,4,627
ORD_00186,PROD_032,4,4434
ORD_00187,PROD_035,4,2774
ORD_00187,PROD_042,4,2975
ORD_00188,PROD_004,1,2299
ORD_00188,PROD_048,2,3521
ORD_00188,PROD_032,3,2436
ORD_00189,PROD_042,1,467
ORD_00190,PROD_016,3,1586
ORD_00190,PROD_050,3,960
ORD_00191,PROD_034,1,4785
ORD_00191,PROD_044,3,1912
ORD_00192,PROD_003,4,1163
ORD_00192,PROD_050,3,2282
ORD_00193,PROD_009,4,754
ORD_00193,PROD_005,4,651
ORD_00194,PROD_046,2,3280
ORD_00194,PROD_013,4,4911
ORD_00194,PROD_017,2,371
ORD_00195,PROD_039,1,1643
ORD_00195,PROD_005,2,4901
ORD_00195,PROD_018,3,4546
ORD_00196,PROD_049,4,4025
ORD_00196,PROD_028,4,4533
ORD_00197,PROD_040,4,4503
ORD_00198,PROD_045,1,3706
ORD_00199,PROD_010,1,738
ORD_00199,PROD_011,3,3362
ORD_00199,PROD_043,1,4808
ORD_00200,PROD_016,4,2906
ORD_00201,PROD_018,4,662
ORD_00201,PROD_005,1,2290
ORD_00201,PROD_042,4,904
ORD_00202,PROD_024,1,1169
ORD_00203,PROD_028,1,219
ORD_00203,PROD_021,2,1613
ORD_00204,PROD_025,4,1226
ORD_00205,PROD_001,1,770
ORD_00205,PROD_029,4,760
ORD_00205,PROD_005,2,1319
ORD_00206,PROD_027,3,281
ORD_00207,PROD_029,4,1450
ORD_00207,PROD_008,3,3189
ORD_00208,PROD_008,4,2830
ORD_00209,PROD_014,4,1603
ORD_00209,PROD_007,1,4335
ORD_00209,PROD_014,3,525
ORD_00210,PROD_018,4,988
ORD_00210,PROD_021,2,1272
ORD_00211,PROD_012,4,3721
ORD_00211,PROD_037,1,1936
ORD_00211,PROD_033,1,3692
ORD_00212,PROD_032,4,4716
ORD_00212,PROD_017,4,2546
ORD_00212,PROD_010,1,3176
ORD_00213,PROD_040,2,420
ORD_00213,PROD_019,1,3919
ORD_00214,PROD_046,1,3320
ORD_00214,PROD_027,1,1364
ORD_00214,PROD_020,4,2494
ORD_00215,PROD_044,1,4681
ORD_00215,PROD_016,3,1912
ORD_00216,PROD_011,3,4683
ORD_00216,PROD_041,1,1267
ORD_00217,PROD_003,3,4289
ORD_00217,PROD_016,4,1221
ORD_00217,PROD_025,3,1553
ORD_00218,PROD_005,2,2248
ORD_00219,PROD_037,3,3967
ORD_00219,PROD_029,4,4919
ORD_00219,PROD_009,1,697
ORD_00220,PROD_004,1,1503
ORD_00220,PROD_024,2,2288
ORD_00221,PROD_026,4,2502
ORD_00222,PROD_024,4,3037
ORD_00222,PROD_006,3,4246
ORD_00222,PROD_008,2,4698
ORD_00223,PROD_037,2,683
ORD_00223,PROD_036,4,4295
ORD_00224,PROD_019,1,3401
ORD_00225,PROD_005,2,3757
ORD_00225,PROD_035,4,4523
ORD_00226,PROD_002,4,2884
ORD_00226,PROD_001,2,3747
ORD_00226,PROD_016,1,4712
ORD_00227,PROD_049,1,1114
ORD_00227,PROD_033,3,4243
ORD_00227,PROD_019,1,2613
ORD_00228,PROD_041,4,3343
ORD_00228,PROD_047,2,4978
ORD_00229,PROD_013,4,1033
ORD_00230,PROD_034,2,510
ORD_00230,PROD_046,3,2785
ORD_00231,PROD_006,2,240
ORD_00231,PROD_034,1,2611
ORD_00231,PROD_026,4,300
ORD_00232,PROD_015,2,1257
ORD_00232,PROD_021,3,1815
ORD_00233,PROD_026,4,3441
ORD_00233,PROD_002,4,538
ORD_00234,PROD_014,2,3625
ORD_00235,PROD_043,2,1348
ORD_00235,PROD_026,4,2165
ORD_00235,PROD_023,2,4569
ORD_00236,PROD_003,1,4810
ORD_00236,PROD_018,2,587
ORD_00237,PROD_021,4,3136
ORD_00238,PROD_026,2,677
ORD_00238,PROD_046,4,1166
ORD_00238,PROD_047,2,3369
ORD_00239,PROD_010,2,1028
ORD_00239,PROD_038,2,4887
ORD_00239,PROD_021,4,1608
ORD_00240,PROD_004,3,3053
ORD_00240,PROD_002,1,1579
ORD_00240,PROD_046,1,2857
ORD_00241,PROD_026,4,1338
ORD_00242,PROD_040,1,1278
ORD_00242,PROD_024,1,412
ORD_00242,PROD_024,3,4443
ORD_00243,PROD_018,2,730
ORD_00243,PROD_032,3,2086
ORD_00243,PROD_006,4,4039
ORD_00244,PROD_027,3,2302
ORD_00244,PROD_025,3,1280
ORD_00244,PROD_049,1,4980
ORD_00245,PROD_036,3,1555
ORD_00246,PROD_012,4,2537
ORD_00247,PROD_038,3,740
ORD_00248,PROD_007,3,1453
ORD_00248,PROD_030,1,347
ORD_00248,PROD_005,2,4131
ORD_00249,PROD_046,2,543
ORD_00249,PROD_035,3,2939
ORD_00249,PROD_019,3,384
ORD_00250,PROD_048,4,722
ORD_00251,PROD_026,2,1007
ORD_00252,PROD_004,1,1254
ORD_00253,PROD_021,2,3873
ORD_00253,PROD_041,3,212
ORD_00254,PROD_010,3,1399
ORD_00254,PROD_013,3,3594
ORD_00254,PROD_038,4,1878
ORD_00255,PROD_015,3,3318
ORD_00256,PROD_009,2,4421
ORD_00256,PROD_032,4,3657
ORD_00257,PROD_050,3,1137
ORD_00257,PROD_049,2,1132
ORD_00257,PROD_011,1,4066
ORD_00258,PROD_034,4,3038
ORD_00259,PROD_044,2,3535
ORD_00259,PROD_030,2,1159
ORD_00259,PROD_023,4,2644
ORD_00260,PROD_042,2,729
ORD_00261,PROD_002,4,4543
ORD_00261,PROD_041,1,4116
ORD_00261,PROD_043,2,4676
ORD_00262,PROD_016,4,4570
ORD_00262,PROD_027,1,3239
ORD_00262,PROD_001,4,4372
ORD_00263,PROD_006,3,4933
ORD_00263,PROD_005,4,3679
ORD_00263,PROD_035,1,4227
ORD_00264,PROD_028,4,2346
ORD_00264,PROD_020,2,4977
ORD_00265,PROD_039,1,3956
ORD_00266,PROD_002,3,4530
ORD_00267,PROD_043,2,1891
ORD_00267,PROD_048,3,4400
ORD_00268,PROD_001,3,273
ORD_00269,PROD_009,3,615
ORD_00269,PROD_044,2,4670
ORD_00270,PROD_035,1,4032
ORD_00270,PROD_020,2,1007
ORD_00270,PROD_012,2,716
ORD_00271,PROD_028,2,649
ORD_00271,PROD_022,1,3257
ORD_00272,PROD_010,3,261
ORD_00273,PROD_010,2,3869
ORD_00274,PROD_024,4,845
ORD_00275,PROD_004,3,384
ORD_00275,PROD_030,2,489
ORD_00275,PROD_022,1,3326
ORD_00276,PROD_046,2,1449
ORD_00276,PROD_012,3,3227
ORD_00277,PROD_020,4,3584
ORD_00278,PROD_028,3,2036
ORD_00278,PROD_033,1,1449
ORD_00278,PROD_044,3,2337
ORD_00279,PROD_018,3,4305
ORD_00279,PROD_017,1,1543
ORD_00279,PROD_037,3,389
ORD_00280,PROD_032,4,4283
ORD_00281,PROD_006,4,3312
ORD_00281,PROD_024,4,3053
ORD_00282,PROD_023,4,1190
ORD_00282,PROD_002,4,4144
ORD_00283,PROD_012,3,2735
ORD_00284,PROD_010,3,4372
ORD_00285,PROD_046,1,1037
ORD_00286,PROD_028,1,687
ORD_00287,PROD_003,1,4229
ORD_00288,PROD_043,3,594
ORD_00288,PROD_014,3,4783
ORD_00289,PROD_005,3,4215
ORD_00289,PROD_014,4,1573
ORD_00289,PROD_045,2,909
ORD_00290,PROD_005,2,2009
ORD_00290,PROD_005,2,818
ORD_00291,PROD_001,1,2621
ORD_00291,PROD_024,1,1734
ORD_00291,PROD_012,2,1817
ORD_00292,PROD_022,4,426
ORD_00293,PROD_036,4,363
ORD_00293,PROD_019,2,3481
ORD_00294,PROD_035,4,2885
ORD_00294,PROD_021,2,3451
ORD_00295,PROD_038,2,551
ORD_00295,PROD_012,2,337
ORD_00296,PROD_016,1,514
ORD_00296,PROD_020,3,1059
ORD_00296,PROD_042,1,4442
ORD_00297,PROD_005,1,4963
ORD_00297,PROD_044,3,1899
ORD_00297,PROD_041,4,4318
ORD_00298,PROD_032,2,2032
ORD_00298,PROD_031,2,1147
ORD_00299,PROD_035,1,1537
ORD_00299,PROD_024,2,1874
ORD_00300,PROD_038,3,704
ORD_00300,PROD_014,4,4519
ORD_00301,PROD_031,4,4953
ORD_00302,PROD_008,3,3064
ORD_00302,PROD_039,3,2145
ORD_00302,PROD_027,4,1534
ORD_00303,PROD_014,3,1605
ORD_00303,PROD_001,3,3544
ORD_00304,PROD_038,3,2077
ORD_00304,PROD_049,4,2824
ORD_00304,PROD_050,3,4747
ORD_00305,PROD_007,4,4603
ORD_00306,PROD_016,2,4595
ORD_00306,PROD_033,3,1441
ORD_00306,PROD_043,2,1852
ORD_00307,PROD_012,4,488
ORD_00308,PROD_042,1,633
ORD_00309,PROD_024,3,4841
ORD_00309,PROD_049,2,2234
ORD_00310,PROD_014,2,1046
ORD_00310,PROD_032,2,811
ORD_00310,PROD_016,4,2009
ORD_00311,PROD_008,2,3907
ORD_00311,PROD_024,3,2787
ORD_00312,PROD_009,2,2349
ORD_00313,PROD_032,4,3915
ORD_00313,PROD_027,3,4361
ORD_00314,PROD_034,4,569
ORD_00314,PROD_026,2,4743
ORD_00314,PROD_030,2,2177
ORD_00315,PROD_011,3,3081
ORD_00315,PROD_013,1,1657
ORD_00316,PROD_006,4,3362
ORD_00316,PROD_027,1,3870
ORD_00317,PROD_011,1,3149
ORD_00317,PROD_039,2,2553
ORD_00317,PROD_037,3,3771
ORD_00318,PROD_047,2,2207
ORD_00318,PROD_032,1,4420
ORD_00318,PROD_018,1,2596
ORD_00319,PROD_049,4,3717
ORD_00319,PROD_042,3,4285
ORD_00319,PROD_005,4,4115
ORD_00320,PROD_033,1,4932
ORD_00320,PROD_011,4,3694
ORD_00320,PROD_041,2,4337
ORD_00321,PROD_045,2,4529
ORD_00322,PROD_027,1,1499
ORD_00322,PROD_039,4,1763
ORD_00323,PROD_023,3,3813
ORD_00324,PROD_037,3,3173
ORD_00324,PROD_027,3,1213
ORD_00324,PROD_046,2,770
ORD_00325,PROD_038,4,495
ORD_00325,PROD_024,2,3748
ORD_00326,PROD_018,2,1332
ORD_00327,PROD_006,2,4035
ORD_00328,PROD_034,1,579
ORD_00328,PROD_031,4,241
ORD_00328,PROD_031,4,2055
ORD_00329,PROD_014,1,390
ORD_00330,PROD_005,2,1352
ORD_00331,PROD_050,1,3792
ORD_00332,PROD_042,3,1526
ORD_00332,PROD_033,1,2939
ORD_00332,PROD_014,3,3699
ORD_00333,PROD_020,3,1885
ORD_00333,PROD_009,4,1547
ORD_00334,PROD_047,2,2158
ORD_00334,PROD_016,4,1335
ORD_00334,PROD_006,1,4448
ORD_00335,PROD_015,3,2367
ORD_00336,PROD_019,3,1955
ORD_00337,PROD_006,3,2638
ORD_00337,PROD_044,3,3138
ORD_00338,PROD_029,3,530
ORD_00338,PROD_041,3,305
ORD_00338,PROD_043,3,4669
ORD_00339,PROD_039,4,2242
ORD_00339,PROD_040,4,4548
ORD_00339,PROD_027,2,1920
ORD_00340,PROD_019,3,1411
ORD_00340,PROD_001,2,270
ORD_00340,PROD_034,1,1889
ORD_00341,PROD_011,3,4397
ORD_00341,PROD_009,1,1418
ORD_00342,PROD_035,2,1691
ORD_00343,PROD_034,1,1972
ORD_00344,PROD_038,2,4893
ORD_00345,PROD_016,1,1726
ORD_00346,PROD_045,3,2172
ORD_00346,PROD_003,4,4596
ORD_00346,PROD_017,3,4952
ORD_00347,PROD_040,1,1909
ORD_00348,PROD_001,3,1906
ORD_00348,PROD_034,2,3272
ORD_00349,PROD_022,2,2389
ORD_00349,PROD_017,2,3745
ORD_00349,PROD_007,3,1733
ORD_00350,PROD_043,4,4297
ORD_00350,PROD_021,2,1061
ORD_00351,PROD_029,2,2807
ORD_00351,PROD_009,3,3066
ORD_00352,PROD_020,2,2559
ORD_00353,PROD_027,4,2679
ORD_00353,PROD_024,4,488
ORD_00354,PROD_035,2,2572
ORD_00355,PROD_011,3,4750
ORD_00356,PROD_008,1,4248
ORD_00356,PROD_048,2,1406
ORD_00357,PROD_020,3,859
ORD_00357,PROD_039,1,3453
ORD_00357,PROD_039,2,3014
ORD_00358,PROD_021,3,4301
ORD_00359,PROD_034,2,698
ORD_00360,PROD_029,1,1591
ORD_00361,PROD_003,4,4369
ORD_00361,PROD_034,3,1006
ORD_00362,PROD_047,1,867
ORD_00362,PROD_001,2,3639
ORD_00363,PROD_023,1,3078
ORD_00363,PROD_011,1,4471
ORD_00363,PROD_016,4,3873
ORD_00364,PROD_034,2,4963
ORD_00364,PROD_001,2,1700
ORD_00365,PROD_005,4,4850
ORD_00365,PROD_014,4,3667
ORD_00365,PROD_030,4,2874
ORD_00366,PROD_041,1,278
ORD_00366,PROD_036,3,3469
ORD_00366,PROD_046,3,1065
ORD_00367,PROD_027,1,1679
ORD_00367,PROD_020,3,2672
ORD_00367,PROD_005,1,3337
ORD_00368,PROD_018,4,1380
ORD_00368,PROD_016,4,3782
ORD_00369,PROD_022,4,1873
ORD_00369,PROD_027,4,4053
ORD_00370,PROD_008,2,3962
ORD_00371,PROD_023,3,1901
ORD_00371,PROD_012,2,3061
ORD_00372,PROD_018,2,4722
ORD_00372,PROD_007,4,2397
ORD_00372,PROD_037,1,2655
ORD_00373,PROD_037,2,2271
ORD_00373,PROD_008,4,2524
ORD_00374,PROD_050,2,4067
ORD_00374,PROD_042,4,2586
ORD_00374,PROD_019,2,3974
ORD_00375,PROD_047,3,748
ORD_00376,PROD_013,4,2092
ORD_00377,PROD_012,2,1687
ORD_00377,PROD_020,4,1827
ORD_00378,PROD_038,4,887
ORD_00379,PROD_035,3,3790
ORD_00379,PROD_005,1,2726
ORD_00380,PROD_039,4,581
ORD_00381,PROD_001,2,803
ORD_00381,PROD_011,1,4041
ORD_00381,PROD_041,2,1321
ORD_00382,PROD_010,1,1654
ORD_00382,PROD_026,1,937
ORD_00383,PROD_028,3,1832
ORD_00384,PROD_016,1,459
ORD_00384,PROD_043,2,3527
ORD_00385,PROD_041,1,4412
ORD_00385,PROD_044,4,631
ORD_00386,PROD_033,4,3645
ORD_00387,PROD_037,4,4091
ORD_00387,PROD_039,4,1106
ORD_00388,PROD_040,2,3862
ORD_00388,PROD_021,2,1502
ORD_00388,PROD_002,4,650
ORD_00389,PROD_035,2,2148
ORD_00389,PROD_006,3,4109
ORD_00390,PROD_010,2,1403
ORD_00391,PROD_031,2,898
ORD_00391,PROD_048,3,3355
ORD_00392,PROD_037,2,1917
ORD_00392,PROD_028,3,3666
ORD_00393,PROD_050,4,1866
ORD_00393,PROD_015,1,3157
ORD_00394,PROD_013,4,4616
ORD_00395,PROD_016,4,1795
ORD_00396,PROD_025,2,2792
ORD_00397,PROD_002,3,2965
ORD_00398,PROD_003,4,1401
ORD_00399,PROD_042,3,4233
ORD_00400,PROD_010,4,3204
ORD_00401,PROD_019,4,2304
ORD_00402,PROD_024,1,247
ORD_00403,PROD_038,2,4451
ORD_00404,PROD_027,3,1762
ORD_00404,PROD_030,2,1704
ORD_00405,PROD_044,4,3081
ORD_00406,PROD_025,2,4520
ORD_00407,PROD_003,3,4809
ORD_00407,PROD_037,1,708
ORD_00407,PROD_044,3,610
ORD_00408,PROD_031,2,3191
ORD_00408,PROD_041,2,2325
ORD_00409,PROD_034,1,738
ORD_00409,PROD_012,3,2033
ORD_00409,PROD_020,3,2566
ORD_00410,PROD_042,2,3038
ORD_00410,PROD_045,4,3613
ORD_00411,PROD_049,2,1722
ORD_00412,PROD_038,2,2521
ORD_00412,PROD_043,1,3600
ORD_00412,PROD_009,3,465
ORD_00413,PROD_033,2,2183
ORD_00413,PROD_016,3,4778
ORD_00414,PROD_045,3,4906
ORD_00415,PROD_037,1,631
ORD_00416,PROD_046,3,3913
ORD_00416,PROD_033,1,407
ORD_00417,PROD_017,3,2379
ORD_00417,PROD_019,2,200
ORD_00418,PROD_025,1,1034
ORD_00418,PROD_033,3,4844
ORD_00418,PROD_024,4,868
ORD_00419,PROD_039,2,1760
ORD_00419,PROD_048,4,2072
ORD_00419,PROD_024,3,1685
ORD_00420,PROD_016,3,997
ORD_00421,PROD_014,2,3576
ORD_00421,PROD_026,3,794
ORD_00422,PROD_024,1,3055
ORD_00422,PROD_039,1,1318
ORD_00423,PROD_038,4,979
ORD_00424,PROD_010,4,4143
ORD_00425,PROD_037,1,3994
ORD_00426,PROD_036,2,3489
ORD_00426,PROD_039,3,2160
ORD_00426,PROD_030,1,4859
ORD_00427,PROD_038,2,4662
ORD_00427,PROD_016,3,2191
ORD_00427,PROD_038,2,2148
ORD_00428,PROD_044,3,3314
ORD_00428,PROD_024,4,241
ORD_00428,PROD_049,1,1585
ORD_00429,PROD_047,2,3668
ORD_00429,PROD_039,2,4791
ORD_00430,PROD_049,2,683
ORD_00430,PROD_016,3,252
ORD_00431,PROD_007,3,4891
ORD_00432,PROD_004,4,3899
ORD_00432,PROD_048,2,2800
ORD_00432,PROD_049,1,3613
ORD_00433,PROD_003,4,4481
ORD_00433,PROD_047,3,3146
ORD_00434,PROD_035,1,2268
ORD_00434,PROD_003,3,4716
ORD_00435,PROD_014,3,4534
ORD_00436,PROD_011,3,3950
ORD_00436,PROD_014,4,4563
ORD_00436,PROD_048,2,610
ORD_00437,PROD_019,4,442
ORD_00437,PROD_016,1,1965
ORD_00438,PROD_016,1,3845
ORD_00438,PROD_028,4,3483
ORD_00439,PROD_006,4,1775
ORD_00439,PROD_015,3,800
ORD_00440,PROD_022,2,324
ORD_00440,PROD_050,3,3617
ORD_00440,PROD_026,3,2174
ORD_00441,PROD_029,1,353
ORD_00441,PROD_024,1,1250
ORD_00441,PROD_011,1,3071
ORD_00442,PROD_006,2,223
ORD_00443,PROD_023,3,2214
ORD_00443,PROD_022,3,3228
ORD_00443,PROD_027,4,1145
ORD_00444,PROD_033,1,2824
ORD_00444,PROD_040,4,4299
ORD_00445,PROD_018,4,2390
ORD_00446,PROD_042,2,3713
ORD_00446,PROD_043,3,606
ORD_00447,PROD_027,1,309
ORD_00447,PROD_028,2,430
ORD_00447,PROD_017,4,1407
ORD_00448,PROD_018,4,1833
ORD_00448,PROD_015,2,3956
ORD_00449,PROD_007,4,1059
ORD_00449,PROD_029,3,4912
ORD_00449,PROD_019,4,3390
ORD_00450,PROD_006,4,1480
ORD_00450,PROD_003,2,4446
ORD_00450,PROD_017,4,2587
ORD_00451,PROD_008,4,2022
ORD_00451,PROD_011,4,2650
ORD_00452,PROD_035,1,785
ORD_00452,PROD_033,3,3608
ORD_00453,PROD_035,4,581
ORD_00453,PROD_035,3,2996
ORD_00454,PROD_040,1,965
ORD_00455,PROD_007,3,3543
ORD_00455,PROD_019,1,2671
ORD_00455,PROD_022,2,1049
ORD_00456,PROD_019,1,4026
ORD_00456,PROD_023,1,559
ORD_00457,PROD_013,4,2076
ORD_00458,PROD_013,3,3001
ORD_00459,PROD_010,1,2932
ORD_00459,PROD_036,3,1293
ORD_00459,PROD_010,3,1238
ORD_00460,PROD_038,4,1457
ORD_00460,PROD_042,2,820
ORD_00461,PROD_044,3,1342
ORD_00461,PROD_042,3,4092
ORD_00462,PROD_007,1,2236
ORD_00462,PROD_040,2,3054
ORD_00462,PROD_046,1,680
ORD_00463,PROD_001,4,1640
ORD_00464,PROD_002,3,358
ORD_00465,PROD_049,4,750
ORD_00465,PROD_017,3,726
ORD_00466,PROD_035,2,3606
ORD_00466,PROD_017,3,3921
ORD_00467,PROD_046,4,3720
ORD_00468,PROD_031,4,353
ORD_00469,PROD_024,3,4103
ORD_00469,PROD_045,3,3738
ORD_00470,PROD_006,1,4650
ORD_00470,PROD_049,3,696
ORD_00471,PROD_036,1,1427
ORD_00471,PROD_046,2,3676
ORD_00471,PROD_027,1,3275
ORD_00472,PROD_044,3,4729
ORD_00472,PROD_024,1,4975
ORD_00472,PROD_026,3,1139
ORD_00473,PROD_025,1,1696
ORD_00473,PROD_035,3,1519
ORD_00473,PROD_049,2,3726
ORD_00474,PROD_046,1,928
ORD_00474,PROD_029,3,4269
ORD_00475,PROD_042,2,2860
ORD_00475,PROD_039,1,4662
ORD_00476,PROD_036,3,2324
ORD_00477,PROD_023,1,569
ORD_00477,PROD_037,4,1684
ORD_00477,PROD_011,3,3674
ORD_00478,PROD_034,1,4818
ORD_00479,PROD_047,1,4254
ORD_00480,PROD_039,3,4173
ORD_00480,PROD_014,2,346
ORD_00480,PROD_015,1,860
ORD_00481,PROD_011,1,2699
ORD_00481,PROD_040,1,1151
ORD_00481,PROD_022,3,4985
ORD_00482,PROD_022,1,2634
ORD_00482,PROD_007,4,4435
ORD_00483,PROD_044,2,1677
ORD_00483,PROD_041,3,2427
ORD_00484,PROD_022,4,3287
ORD_00484,PROD_044,1,982
ORD_00484,PROD_049,1,4062
ORD_00485,PROD_040,2,2347
ORD_00486,PROD_024,2,4120
ORD_00486,PROD_021,2,4231
ORD_00486,PROD_013,4,4194
ORD_00487,PROD_017,3,3473
ORD_00488,PROD_042,2,1574
ORD_00489,PROD_005,4,1198
ORD_00490,PROD_021,2,321
ORD_00490,PROD_033,3,826
ORD_00490,PROD_001,1,3901
ORD_00491,PROD_003,4,4791
ORD_00491,PROD_043,4,2953
ORD_00491,PROD_014,1,3286
ORD_00492,PROD_018,4,4040
ORD_00493,PROD_045,4,1981
ORD_00494,PROD_023,3,789
ORD_00494,PROD_013,4,4906
ORD_00495,PROD_010,4,3248
ORD_00495,PROD_020,4,1214
ORD_00496,PROD_014,1,4213
ORD_00496,PROD_043,2,2968
ORD_00496,PROD_035,1,3899
ORD_00497,PROD_034,3,4176
ORD_00497,PROD_012,3,4160
ORD_00498,PROD_048,2,3795
ORD_00499,PROD_010,3,1189
ORD_00499,PROD_031,2,280
ORD_00499,PROD_018,3,2044
ORD_00500,PROD_036,1,408
ORD_00501,PROD_001,2,4128
ORD_00502,PROD_048,4,2412
ORD_00502,PROD_025,2,3911
ORD_00502,PROD_009,3,3597
ORD_00503,PROD_046,4,4898
ORD_00504,PROD_021,3,4805
ORD_00504,PROD_036,4,461
ORD_00505,PROD_007,3,1466
ORD_00505,PROD_018,3,1655
ORD_00505,PROD_017,4,1458
ORD_00506,PROD_039,3,4270
ORD_00506,PROD_023,2,2768
ORD_00507,PROD_031,1,3461
ORD_00507,PROD_018,3,4491
ORD_00507,PROD_027,2,2977
ORD_00508,PROD_033,1,1396
ORD_00508,PROD_032,3,2222
ORD_00509,PROD_020,3,764
ORD_00509,PROD_015,3,4213
ORD_00509,PROD_004,4,852
ORD_00510,PROD_017,4,2059
ORD_00511,PROD_044,4,3279
ORD_00511,PROD_014,2,4028
ORD_00512,PROD_048,3,538
ORD_00513,PROD_045,2,4717
ORD_00514,PROD_011,4,2674
ORD_00514,PROD_030,2,4782
ORD_00515,PROD_017,3,2001
ORD_00516,PROD_030,1,2621
ORD_00516,PROD_027,3,1620
ORD_00517,PROD_028,1,2687
ORD_00517,PROD_028,2,1315
ORD_00518,PROD_012,2,730
ORD_00518,PROD_041,4,1229
ORD_00518,PROD_020,4,1056
ORD_00519,PROD_025,4,679
ORD_00519,PROD_008,1,2660
ORD_00519,PROD_043,1,969
ORD_00520,PROD_043,3,310
ORD_00521,PROD_010,2,3207
ORD_00522,PROD_021,4,1047
ORD_00522,PROD_018,3,4711
ORD_00522,PROD_050,1,655
ORD_00523,PROD_012,3,3137
ORD_00524,PROD_007,2,1477
ORD_00524,PROD_027,3,1710
ORD_00524,PROD_048,4,1188
ORD_00525,PROD_043,3,644
ORD_00526,PROD_041,2,4597
ORD_00527,PROD_010,3,3514
ORD_00528,PROD_013,4,1620
ORD_00529,PROD_027,2,1251
ORD_00530,PROD_005,1,942
ORD_00530,PROD_004,3,1119
ORD_00530,PROD_014,2,3988
ORD_00531,PROD_037,3,2835
ORD_00532,PROD_038,2,1192
ORD_00532,PROD_028,1,2559
ORD_00532,PROD_012,4,3543
ORD_00533,PROD_031,3,4998
ORD_00533,PROD_041,1,4877
ORD_00533,PROD_050,3,2023
ORD_00534,PROD_014,4,2475
ORD_00534,PROD_003,2,463
ORD_00534,PROD_026,3,1776
ORD_00535,PROD_016,3,2277
ORD_00536,PROD_039,3,774
ORD_00537,PROD_014,3,4958
ORD_00537,PROD_011,4,2963
ORD_00538,PROD_027,2,1030
ORD_00538,PROD_035,3,4631
ORD_00538,PROD_027,2,858
ORD_00539,PROD_045,2,371
ORD_00539,PROD_049,3,4184
ORD_00539,PROD_048,1,1007
ORD_00540,PROD_030,4,3286
ORD_00541,PROD_045,1,1529
ORD_00541,PROD_017,2,869
ORD_00541,PROD_044,1,2816
ORD_00542,PROD_009,2,4017
ORD_00542,PROD_020,2,3223
ORD_00542,PROD_034,4,3278
ORD_00543,PROD_045,1,4819
ORD_00543,PROD_045,1,925
ORD_00543,PROD_044,2,1723
ORD_00544,PROD_024,3,1209
ORD_00545,PROD_002,4,3240
ORD_00545,PROD_039,1,3238
ORD_00545,PROD_034,1,4691
ORD_00546,PROD_006,3,4973
ORD_00546,PROD_018,4,453
ORD_00546,PROD_026,4,3512
ORD_00547,PROD_002,4,1314
ORD_00547,PROD_050,4,4855
ORD_00547,PROD_047,1,1819
ORD_00548,PROD_012,4,3933
ORD_00549,PROD_028,1,4746
ORD_00550,PROD_003,1,730
ORD_00551,PROD_005,3,4059
ORD_00551,PROD_024,1,1502
ORD_00552,PROD_033,3,241
ORD_00553,PROD_026,1,3591
ORD_00553,PROD_032,4,2417
ORD_00554,PROD_006,1,1728
ORD_00554,PROD_028,1,4112
ORD_00555,PROD_021,3,2998
ORD_00556,PROD_046,2,4964
ORD_00556,PROD_013,2,1573
ORD_00557,PROD_022,3,1354
ORD_00558,PROD_043,3,3267
ORD_00558,PROD_041,4,2524
ORD_00559,PROD_026,4,3957
ORD_00559,PROD_009,1,1034
ORD_00559,PROD_016,3,2090
ORD_00560,PROD_015,1,2949
ORD_00560,PROD_044,4,665
ORD_00561,PROD_020,3,2670
ORD_00562,PROD_038,2,1486
ORD_00563,PROD_021,3,4958
ORD_00563,PROD_045,3,3408
ORD_00564,PROD_003,1,4477
ORD_00564,PROD_031,4,1040
ORD_00565,PROD_036,1,1200
ORD_00565,PROD_049,2,4658
ORD_00565,PROD_029,2,208
ORD_00566,PROD_003,2,1491
ORD_00566,PROD_031,2,1912
ORD_00567,PROD_005,1,202
ORD_00567,PROD_044,1,3129
ORD_00568,PROD_049,4,2224
ORD_00568,PROD_031,4,2751
ORD_00569,PROD_013,1,2562
ORD_00569,PROD_005,3,771
ORD_00570,PROD_048,1,3266
ORD_00570,PROD_011,1,460
ORD_00570,PROD_033,2,468
ORD_00571,PROD_026,3,2146
ORD_00571,PROD_023,4,1506
ORD_00571,PROD_004,4,3247
ORD_00572,PROD_011,3,4846
ORD_00573,PROD_029,4,2646
ORD_00573,PROD_032,2,3876
ORD_00574,PROD_044,1,980
ORD_00574,PROD_035,4,1915
ORD_00574,PROD_011,4,2866
ORD_00575,PROD_011,3,1728
ORD_00575,PROD_041,1,4495
ORD_00575,PROD_010,3,3842
ORD_00576,PROD_018,3,3132
ORD_00577,PROD_047,4,3133
ORD_00577,PROD_019,2,2300
ORD_00577,PROD_034,2,3307
ORD_00578,PROD_037,2,1375
ORD_00579,PROD_015,3,1683
ORD_00580,PROD_005,2,4008
ORD_00580,PROD_019,1,2050
ORD_00581,PROD_038,1,4674
ORD_00581,PROD_023,4,610
ORD_00582,PROD_027,3,3903
ORD_00582,PROD_014,2,1523
ORD_00582,PROD_020,2,2564
ORD_00583,PROD_010,4,416
ORD_00584,PROD_032,4,3545
ORD_00584,PROD_027,3,4758
ORD_00584,PROD_046,2,3539
ORD_00585,PROD_013,4,2272
ORD_00585,PROD_017,3,4522
ORD_00585,PROD_015,3,3019
ORD_00586,PROD_011,2,270
ORD_00586,PROD_017,4,1018
ORD_00586,PROD_026,3,4709
ORD_00587,PROD_040,4,1604
ORD_00587,PROD_040,2,3013
ORD_00588,PROD_008,3,4759
ORD_00588,PROD_018,1,3786
ORD_00589,PROD_001,3,3912
ORD_00590,PROD_009,2,1341
ORD_00590,PROD_044,2,3060
ORD_00591,PROD_044,4,1902
ORD_00591,PROD_049,2,4004
ORD_00592,PROD_014,2,1702
ORD_00592,PROD_046,1,1987
ORD_00592,PROD_046,4,341
ORD_00593,PROD_006,4,3154
ORD_00593,PROD_045,1,3812
ORD_00593,PROD_043,2,4263
ORD_00594,PROD_045,2,4020
ORD_00595,PROD_036,3,4951
ORD_00596,PROD_030,2,999
ORD_00596,PROD_033,3,2568
ORD_00597,PROD_039,3,847
ORD_00597,PROD_021,2,1298
ORD_00597,PROD_046,2,1858
ORD_00598,PROD_031,3,1898
ORD_00598,PROD_023,2,2412
ORD_00599,PROD_033,4,484
ORD_00599,PROD_027,1,2897
ORD_00599,PROD_006,1,3328
ORD_00600,PROD_033,4,2052
ORD_00600,PROD_002,3,3662
ORD_00600,PROD_047,4,4270
ORD_00601,PROD_014,2,4028
ORD_00602,PROD_014,2,757
ORD_00602,PROD_017,1,2865
ORD_00603,PROD_031,1,277
ORD_00604,PROD_035,2,794
ORD_00604,PROD_001,3,743
ORD_00604,PROD_022,3,657
ORD_00605,PROD_014,4,356
ORD_00605,PROD_015,4,4741
ORD_00606,PROD_040,2,463
ORD_00606,PROD_031,4,3723
ORD_00607,PROD_025,4,2840
ORD_00608,PROD_017,2,3734
ORD_00609,PROD_008,4,4693
ORD_00610,PROD_024,1,3072
ORD_00610,PROD_041,1,2279
ORD_00610,PROD_018,1,4254
ORD_00611,PROD_002,3,1287
ORD_00611,PROD_049,4,2685
ORD_00611,PROD_040,2,3124
ORD_00612,PROD_033,1,2849
ORD_00613,PROD_044,3,1246
ORD_00613,PROD_030,2,234
ORD_00614,PROD_034,3,3278
ORD_00615,PROD_014,2,843
ORD_00615,PROD_034,1,1917
ORD_00616,PROD_027,1,541
ORD_00616,PROD_029,4,3890
ORD_00617,PROD_014,2,3606
ORD_00617,PROD_035,3,4721
ORD_00618,PROD_026,1,2190
ORD_00619,PROD_050,3,3257
ORD_00620,PROD_044,3,542
ORD_00620,PROD_013,4,685
ORD_00620,PROD_035,4,3733
ORD_00621,PROD_025,4,1921
ORD_00621,PROD_024,1,2556
ORD_00622,PROD_024,2,4221
ORD_00623,PROD_022,4,3209
ORD_00623,PROD_007,2,4740
ORD_00623,PROD_005,1,4443
ORD_00624,PROD_021,1,1899
ORD_00624,PROD_033,1,3151
ORD_00624,PROD_003,4,4012
ORD_00625,PROD_001,2,4333
ORD_00626,PROD_023,1,3859
ORD_00627,PROD_004,3,2016
ORD_00627,PROD_007,4,4304
ORD_00628,PROD_032,3,4930
ORD_00628,PROD_027,3,4679
ORD_00628,PROD_028,3,4317
ORD_00629,PROD_039,1,4355
ORD_00629,PROD_006,3,2544
ORD_00629,PROD_022,2,3092
ORD_00630,PROD_011,3,4687
ORD_00630,PROD_002,2,4511
ORD_00631,PROD_005,2,2301
ORD_00632,PROD_018,3,4194
ORD_00633,PROD_007,4,2632
ORD_00634,PROD_003,1,2168
ORD_00634,PROD_028,2,4234
ORD_00634,PROD_009,4,2695
ORD_00635,PROD_043,3,4451
ORD_00635,PROD_002,2,4064
ORD_00636,PROD_047,4,3484
ORD_00637,PROD_008,3,2438
ORD_00638,PROD_027,1,4606
ORD_00638,PROD_023,3,1515
ORD_00639,PROD_030,3,826
ORD_00639,PROD_048,1,4707
ORD_00639,PROD_039,4,2531
ORD_00640,PROD_012,1,3534
ORD_00640,PROD_027,1,4940
ORD_00641,PROD_017,3,4793
ORD_00641,PROD_003,2,4066
ORD_00642,PROD_037,4,2136
ORD_00643,PROD_019,3,2107
ORD_00643,PROD_010,2,2196
ORD_00644,PROD_006,1,3292
ORD_00644,PROD_022,1,4975
ORD_00645,PROD_021,3,3019
ORD_00645,PROD_039,2,2450
ORD_00645,PROD_007,3,2987
ORD_00646,PROD_043,1,497
ORD_00646,PROD_017,4,3333
ORD_00646,PROD_028,1,3121
ORD_00647,PROD_003,4,3956
ORD_00647,PROD_033,3,4555
ORD_00648,PROD_033,2,1586
ORD_00648,PROD_025,1,1112
ORD_00648,PROD_017,3,2280
ORD_00649,PROD_038,1,4448
ORD_00649,PROD_041,1,4262
ORD_00649,PROD_011,4,245
ORD_00650,PROD_002,4,1316
ORD_00650,PROD_034,1,3782
ORD_00651,PROD_050,4,4916
ORD_00651,PROD_042,4,324
ORD_00652,PROD_028,3,3498
ORD_00652,PROD_042,1,588
ORD_00652,PROD_013,1,2200
ORD_00653,PROD_034,1,3235
ORD_00653,PROD_025,1,2635
ORD_00653,PROD_005,2,1206
ORD_00654,PROD_005,1,2615
ORD_00654,PROD_037,2,1250
ORD_00655,PROD_033,2,962
ORD_00656,PROD_038,4,4438
ORD_00656,PROD_032,3,2839
ORD_00657,PROD_024,1,3630
ORD_00657,PROD_033,4,3484
ORD_00657,PROD_019,3,3886
ORD_00658,PROD_047,3,2828
ORD_00658,PROD_046,1,1410
ORD_00658,PROD_014,2,1062
ORD_00659,PROD_031,2,4575
ORD_00659,PROD_046,4,3523
ORD_00659,PROD_009,3,550
ORD_00660,PROD_042,2,2093
ORD_00660,PROD_037,3,1823
ORD_00660,PROD_005,4,3588
ORD_00661,PROD_005,1,2725
ORD_00662,PROD_034,2,1993
ORD_00662,PROD_034,3,2542
ORD_00662,PROD_011,2,3801
ORD_00663,PROD_007,1,2146
ORD_00664,PROD_050,1,3642
ORD_00664,PROD_041,3,635
ORD_00664,PROD_018,3,2364
ORD_00665,PROD_005,1,2514
ORD_00666,PROD_029,1,3469
ORD_00666,PROD_034,2,1835
ORD_00667,PROD_047,2,707
ORD_00667,PROD_041,1,4004
ORD_00667,PROD_049,3,3397
ORD_00668,PROD_032,4,2751
ORD_00668,PROD_006,3,4193
ORD_00668,PROD_033,3,1181
ORD_00669,PROD_034,2,3851
ORD_00669,PROD_008,3,3456
ORD_00670,PROD_021,3,945
ORD_00670,PROD_030,3,1227
ORD_00670,PROD_046,4,4732
ORD_00671,PROD_048,1,4214
ORD_00671,PROD_047,2,1353
ORD_00672,PROD_004,1,4049
ORD_00673,PROD_032,4,939
ORD_00674,PROD_047,2,3963
ORD_00675,PROD_015,2,3107
ORD_00676,PROD_025,4,4523
ORD_00676,PROD_049,2,548
ORD_00677,PROD_017,2,1151
ORD_00678,PROD_016,4,424
ORD_00678,PROD_033,2,3859
ORD_00678,PROD_036,3,1953
ORD_00679,PROD_009,2,3437
ORD_00679,PROD_001,2,911
ORD_00679,PROD_034,4,4808
ORD_00680,PROD_026,2,3984
ORD_00681,PROD_047,4,3971
ORD_00681,PROD_012,4,3537
ORD_00682,PROD_040,1,4142
ORD_00683,PROD_034,3,2314
ORD_00684,PROD_011,2,4129
ORD_00684,PROD_017,4,1388
ORD_00685,PROD_045,4,3401
ORD_00686,PROD_033,1,1297
ORD_00686,PROD_014,2,2696
ORD_00686,PROD_047,1,4649
ORD_00687,PROD_024,3,4621
ORD_00687,PROD_048,3,1037
ORD_00688,PROD_029,1,2651
ORD_00688,PROD_003,4,1824
ORD_00688,PROD_050,4,4281
ORD_00689,PROD_034,3,2564
ORD_00689,PROD_021,2,424
ORD_00690,PROD_014,3,2968
ORD_00690,PROD_017,4,3847
ORD_00691,PROD_039,3,3963
ORD_00691,PROD_038,1,3976
ORD_00692,PROD_043,4,2991
ORD_00692,PROD_026,3,2722
ORD_00692,PROD_028,3,3560
ORD_00693,PROD_018,2,3543
ORD_00693,PROD_018,1,2849
ORD_00693,PROD_015,3,3091
ORD_00694,PROD_023,1,2913
ORD_00694,PROD_030,1,3871
ORD_00695,PROD_030,1,1229
ORD_00696,PROD_045,2,3085
ORD_00697,PROD_011,2,4624
ORD_00697,PROD_021,1,3090
ORD_00698,PROD_047,4,696
ORD_00699,PROD_050,2,3965
ORD_00699,PROD_025,4,4879
ORD_00700,PROD_033,4,4682
ORD_00700,PROD_033,1,4734
ORD_00701,PROD_037,3,764
ORD_00701,PROD_025,1,3489
ORD_00701,PROD_049,3,249
ORD_00702,PROD_003,1,4039
ORD_00702,PROD_008,4,2255
ORD_00702,PROD_031,1,2807
ORD_00703,PROD_012,4,620
ORD_00704,PROD_043,1,4743
ORD_00704,PROD_023,3,2859
ORD_00705,PROD_033,3,4955
ORD_00705,PROD_040,2,515
ORD_00705,PROD_001,3,249
ORD_00706,PROD_017,3,2859
ORD_00706,PROD_025,1,3521
ORD_00706,PROD_008,2,4459
ORD_00707,PROD_037,3,1627
ORD_00707,PROD_014,3,4059
ORD_00708,PROD_028,3,780
ORD_00708,PROD_002,1,4661
ORD_00709,PROD_048,4,2428
ORD_00709,PROD_045,3,767
ORD_00710,PROD_008,1,433
ORD_00710,PROD_009,1,3170
ORD_00710,PROD_042,4,511
ORD_00711,PROD_025,4,4641
ORD_00711,PROD_022,1,492
ORD_00712,PROD_016,4,4088
ORD_00712,PROD_030,2,3243
ORD_00713,PROD_040,1,2316
ORD_00713,PROD_033,2,3410
ORD_00713,PROD_011,2,608
ORD_00714,PROD_049,2,2416
ORD_00714,PROD_019,1,2582
ORD_00714,PROD_016,2,3331
ORD_00715,PROD_022,3,1856
ORD_00716,PROD_043,4,2227
ORD_00717,PROD_003,3,3323
ORD_00718,PROD_005,2,2121
ORD_00718,PROD_046,3,3667
ORD_00719,PROD_014,1,1818
ORD_00719,PROD_044,3,422
ORD_00719,PROD_041,3,2427
ORD_00720,PROD_040,3,3568
ORD_00720,PROD_050,3,4617
ORD_00720,PROD_045,2,382
ORD_00721,PROD_023,1,3594
ORD_00721,PROD_040,2,2406
ORD_00721,PROD_033,1,4957
ORD_00722,PROD_008,1,3570
ORD_00723,PROD_015,2,609
ORD_00723,PROD_045,1,457
ORD_00724,PROD_016,1,1913
ORD_00724,PROD_045,4,3551
ORD_00725,PROD_025,4,2439
ORD_00725,PROD_025,4,4068
ORD_00726,PROD_009,1,4540
ORD_00726,PROD_001,1,480
ORD_00727,PROD_026,2,3707
ORD_00727,PROD_005,4,1018
ORD_00728,PROD_012,3,687
ORD_00728,PROD_030,1,2515
ORD_00728,PROD_020,2,2797
ORD_00729,PROD_038,3,4462
ORD_00730,PROD_029,4,468
ORD_00731,PROD_021,1,1395
ORD_00731,PROD_046,2,2828
ORD_00731,PROD_045,4,2023
ORD_00732,PROD_047,1,262
ORD_00733,PROD_046,1,2800
ORD_00733,PROD_002,2,4424
ORD_00733,PROD_001,1,2537
ORD_00734,PROD_010,4,4648
ORD_00734,PROD_033,1,3734
ORD_00735,PROD_010,1,3431
ORD_00736,PROD_020,1,3450
ORD_00736,PROD_028,2,215
ORD_00737,PROD_037,1,1782
ORD_00737,PROD_033,3,3485
ORD_00737,PROD_037,3,1507
ORD_00738,PROD_013,3,422
ORD_00738,PROD_024,3,758
ORD_00739,PROD_032,4,4204
ORD_00739,PROD_005,4,3008
ORD_00739,PROD_026,2,1732
ORD_00740,PROD_030,3,3104
ORD_00740,PROD_047,4,4444
ORD_00740,PROD_032,1,3070
ORD_00741,PROD_034,2,1538
ORD_00741,PROD_034,3,643
ORD_00741,PROD_009,3,4662
ORD_00742,PROD_002,3,1864
ORD_00742,PROD_006,3,4988
ORD_00742,PROD_050,1,3961
ORD_00743,PROD_003,3,5000
ORD_00743,PROD_005,2,2358
ORD_00744,PROD_015,4,4183
ORD_00745,PROD_023,2,517
ORD_00745,PROD_019,1,1598
ORD_00745,PROD_045,3,1399
ORD_00746,PROD_019,2,3829
ORD_00747,PROD_018,2,2804
ORD_00747,PROD_049,2,1222
ORD_00747,PROD_029,4,2584
ORD_00748,PROD_007,1,4727
ORD_00748,PROD_007,2,3742
ORD_00748,PROD_028,4,3163
ORD_00749,PROD_021,3,744
ORD_00749,PROD_002,4,3534
ORD_00750,PROD_006,3,3624
ORD_00750,PROD_033,3,4153
ORD_00750,PROD_014,1,1777
ORD_00751,PROD_022,4,2841
ORD_00751,PROD_045,3,1709
ORD_00752,PROD_032,4,3275
ORD_00752,PROD_036,1,3166
ORD_00752,PROD_044,3,2104
ORD_00753,PROD_028,3,1263
ORD_00754,PROD_023,4,4948
ORD_00754,PROD_009,2,4125
ORD_00755,PROD_016,3,1655
ORD_00755,PROD_006,1,3104
ORD_00755,PROD_039,1,2656
ORD_00756,PROD_025,2,3616
ORD_00756,PROD_012,2,2758
ORD_00756,PROD_030,3,2523
ORD_00757,PROD_034,3,2166
ORD_00758,PROD_033,4,4750
ORD_00758,PROD_041,2,577
ORD_00758,PROD_023,1,1738
ORD_00759,PROD_046,1,4987
ORD_00759,PROD_039,1,4965
ORD_00759,PROD_039,4,4618
ORD_00760,PROD_022,3,2058
ORD_00760,PROD_029,1,4666
ORD_00760,PROD_024,1,3711
ORD_00761,PROD_037,1,2831
ORD_00762,PROD_042,2,2287
ORD_00763,PROD_006,3,2232
ORD_00763,PROD_002,3,668
ORD_00763,PROD_026,3,3746
ORD_00764,PROD_037,4,3089
ORD_00764,PROD_002,2,3787
ORD_00764,PROD_040,4,703
ORD_00765,PROD_024,1,2041
ORD_00766,PROD_037,1,3424
ORD_00766,PROD_041,2,442
ORD_00767,PROD_001,3,2973
ORD_00767,PROD_026,3,2975
ORD_00768,PROD_016,1,4172
ORD_00768,PROD_014,2,4141
ORD_00768,PROD_037,4,819
ORD_00769,PROD_021,3,1477
ORD_00770,PROD_006,4,2389
ORD_00771,PROD_008,2,3838
ORD_00771,PROD_049,2,266
ORD_00771,PROD_016,4,1682
ORD_00772,PROD_013,3,1971
ORD_00772,PROD_031,1,1817
ORD_00772,PROD_042,2,2189
ORD_00773,PROD_036,2,646
ORD_00773,PROD_036,3,244
ORD_00773,PROD_040,1,4327
ORD_00774,PROD_004,2,983
ORD_00774,PROD_005,4,1180
ORD_00775,PROD_027,1,496
ORD_00775,PROD_015,1,583
ORD_00776,PROD_026,4,2077
ORD_00776,PROD_011,2,659
ORD_00776,PROD_040,1,1609
ORD_00777,PROD_040,1,4232
ORD_00778,PROD_019,3,1585
ORD_00779,PROD_044,2,2489
ORD_00779,PROD_010,1,316
ORD_00780,PROD_003,3,2956
ORD_00780,PROD_003,2,834
ORD_00781,PROD_018,4,4488
ORD_00781,PROD_011,2,639
ORD_00781,PROD_010,3,4059
ORD_00782,PROD_007,2,2609
ORD_00782,PROD_021,2,4143
ORD_00783,PROD_006,1,1713
ORD_00783,PROD_002,1,3691
ORD_00784,PROD_048,2,300
ORD_00785,PROD_044,3,2866
ORD_00786,PROD_018,3,1670
ORD_00786,PROD_041,4,2587
ORD_00786,PROD_046,4,2330
ORD_00787,PROD_021,3,2691
ORD_00787,PROD_029,2,2323
ORD_00788,PROD_022,3,3873
ORD_00789,PROD_046,3,4244
ORD_00790,PROD_035,4,3805
ORD_00790,PROD_046,3,1655
ORD_00791,PROD_033,4,3487
ORD_00792,PROD_004,2,3042
ORD_00792,PROD_043,4,4014
ORD_00792,PROD_019,1,2958
ORD_00793,PROD_005,1,4635
ORD_00794,PROD_033,4,3499
ORD_00794,PROD_020,4,4240
ORD_00794,PROD_025,3,4261
ORD_00795,PROD_033,3,4110
ORD_00796,PROD_007,1,3614
ORD_00796,PROD_038,1,2018
ORD_00796,PROD_038,2,3250
ORD_00797,PROD_009,2,475
ORD_00797,PROD_005,3,2134
ORD_00797,PROD_010,3,577
ORD_00798,PROD_041,3,2248
ORD_00799,PROD_045,3,4562
ORD_00799,PROD_040,4,4179
ORD_00800,PROD_015,1,505
ORD_00801,PROD_023,1,3231
ORD_00802,PROD_040,3,2251
ORD_00802,PROD_029,2,4947
ORD_00803,PROD_026,3,3807
ORD_00804,PROD_026,1,2362
ORD_00805,PROD_031,2,3784
ORD_00806,PROD_022,3,2961
ORD_00806,PROD_009,4,4639
ORD_00807,PROD_019,4,333
ORD_00807,PROD_002,1,2887
ORD_00808,PROD_044,4,3029
ORD_00809,PROD_032,1,365
ORD_00810,PROD_049,3,1066
ORD_00810,PROD_009,2,1382
ORD_00811,PROD_009,3,3940
ORD_00811,PROD_004,3,4433
ORD_00812,PROD_044,4,4071
ORD_00813,PROD_047,2,4884
ORD_00814,PROD_050,4,4277
ORD_00815,PROD_009,2,2643
ORD_00815,PROD_046,4,1581
ORD_00815,PROD_012,2,1484
ORD_00816,PROD_004,3,1685
ORD_00816,PROD_033,2,2160
ORD_00816,PROD_042,3,4190
ORD_00817,PROD_003,1,4652
ORD_00818,PROD_030,4,2245
ORD_00818,PROD_048,2,4425
ORD_00818,PROD_006,3,664
ORD_00819,PROD_006,2,4233
ORD_00820,PROD_042,2,2332
ORD_00820,PROD_003,4,3487
ORD_00820,PROD_017,4,4866
ORD_00821,PROD_007,1,518
ORD_00821,PROD_044,2,4161
ORD_00822,PROD_024,4,1424
ORD_00822,PROD_002,1,3357
ORD_00822,PROD_033,1,3443
ORD_00823,PROD_006,4,2437
ORD_00823,PROD_035,2,1686
ORD_00824,PROD_002,3,1329
ORD_00824,PROD_046,2,207
ORD_00824,PROD_034,4,1792
ORD_00825,PROD_030,1,2852
ORD_00825,PROD_006,4,2087
ORD_00825,PROD_036,2,1265
ORD_00826,PROD_014,1,3667
ORD_00826,PROD_012,2,763
ORD_00826,PROD_005,2,4736
ORD_00827,PROD_009,3,2617
ORD_00827,PROD_003,1,2232
ORD_00827,PROD_002,1,3388
ORD_00828,PROD_031,2,4207
ORD_00828,PROD_023,1,4416
ORD_00828,PROD_043,3,1905
ORD_00829,PROD_039,2,4730
ORD_00829,PROD_020,2,4411
ORD_00830,PROD_030,3,736
ORD_00830,PROD_050,1,1368
ORD_00831,PROD_023,2,2240
ORD_00832,PROD_045,1,446
ORD_00832,PROD_031,4,4260
ORD_00833,PROD_018,2,4180
ORD_00833,PROD_042,1,2221
ORD_00834,PROD_002,1,1421
ORD_00835,PROD_026,4,3844
ORD_00835,PROD_050,3,4516
ORD_00836,PROD_010,3,4068
ORD_00837,PROD_015,1,4486
ORD_00837,PROD_015,1,1683
ORD_00838,PROD_043,4,3256
ORD_00838,PROD_037,3,4135
ORD_00838,PROD_046,2,2823
ORD_00839,PROD_013,3,3780
ORD_00840,PROD_022,1,2045
ORD_00840,PROD_026,4,1741
ORD_00840,PROD_012,1,1106
ORD_00841,PROD_003,3,992
ORD_00841,PROD_028,4,2875
ORD_00842,PROD_038,3,3519
ORD_00842,PROD_011,2,4968
ORD_00843,PROD_003,2,4346
ORD_00844,PROD_003,4,3047
ORD_00845,PROD_002,1,761
ORD_00845,PROD_028,2,2120
ORD_00845,PROD_038,2,2394
ORD_00846,PROD_041,3,220
ORD_00846,PROD_020,2,714
ORD_00846,PROD_047,4,671
ORD_00847,PROD_043,3,4601
ORD_00847,PROD_028,4,4543
ORD_00847,PROD_004,4,4598
ORD_00848,PROD_031,4,4352
ORD_00848,PROD_026,1,4829
ORD_00848,PROD_045,4,2086
ORD_00849,PROD_028,2,2215
ORD_00850,PROD_049,1,1371
ORD_00850,PROD_020,4,1557
ORD_00850,PROD_039,2,1131
ORD_00851,PROD_011,1,303
ORD_00852,PROD_011,2,1735
ORD_00853,PROD_016,1,3652
ORD_00854,PROD_004,3,4475
ORD_00854,PROD_001,4,3973
ORD_00855,PROD_023,2,889
ORD_00855,PROD_015,4,419
ORD_00856,PROD_014,3,845
ORD_00857,PROD_033,3,485
ORD_00857,PROD_013,2,2838
ORD_00858,PROD_029,3,2309
ORD_00858,PROD_024,4,3750
ORD_00858,PROD_021,2,3969
ORD_00859,PROD_006,3,1805
ORD_00859,PROD_029,2,1722
ORD_00859,PROD_001,1,1908
ORD_00860,PROD_023,1,2251
ORD_00861,PROD_043,1,2191
ORD_00861,PROD_012,4,650
ORD_00862,PROD_050,2,660
ORD_00863,PROD_036,3,2113
ORD_00864,PROD_004,1,3487
ORD_00865,PROD_040,3,3448
ORD_00866,PROD_023,1,4824
ORD_00866,PROD_017,4,1098
ORD_00867,PROD_013,1,3841
ORD_00867,PROD_039,2,2064
ORD_00868,PROD_009,3,2483
ORD_00868,PROD_006,2,1199
ORD_00868,PROD_027,4,1916
ORD_00869,PROD_022,1,2593
ORD_00869,PROD_015,2,2714
ORD_00870,PROD_009,2,3484
ORD_00871,PROD_005,1,3157
ORD_00871,PROD_007,2,1205
ORD_00872,PROD_001,3,1879
ORD_00872,PROD_030,3,2735
ORD_00872,PROD_044,2,4682
ORD_00873,PROD_047,1,1859
ORD_00873,PROD_014,1,4284
ORD_00874,PROD_007,1,4759
ORD_00875,PROD_020,3,625
ORD_00875,PROD_022,4,1379
ORD_00875,PROD_047,2,4482
ORD_00876,PROD_010,3,3361
ORD_00876,PROD_009,1,4240
ORD_00877,PROD_032,3,1904
ORD_00877,PROD_006,2,2278
ORD_00878,PROD_019,4,816
ORD_00878,PROD_015,3,1095
ORD_00879,PROD_042,2,2312
ORD_00879,PROD_039,2,3164
ORD_00880,PROD_034,1,3205
ORD_00880,PROD_022,4,2494
ORD_00881,PROD_015,1,4520
ORD_00882,PROD_024,1,2961
ORD_00882,PROD_038,3,455
ORD_00882,PROD_031,1,4764
ORD_00883,PROD_009,2,1488
ORD_00883,PROD_036,4,4862
ORD_00884,PROD_006,2,1101
ORD_00885,PROD_003,4,1361
ORD_00885,PROD_019,4,3606
ORD_00885,PROD_046,1,350
ORD_00886,PROD_027,4,669
ORD_00886,PROD_004,1,3205
ORD_00887,PROD_017,3,3518
ORD_00887,PROD_046,2,2475
ORD_00888,PROD_027,1,1784
ORD_00888,PROD_035,2,4701
ORD_00888,PROD_042,4,1441
ORD_00889,PROD_016,3,4722
ORD_00889,PROD_043,2,2614
ORD_00890,PROD_011,2,4584
ORD_00890,PROD_040,4,955
ORD_00891,PROD_024,1,3832
ORD_00891,PROD_018,4,3207
ORD_00892,PROD_008,2,222
ORD_00893,PROD_045,4,4521
ORD_00893,PROD_001,4,4362
ORD_00894,PROD_045,2,958
ORD_00895,PROD_033,4,2214
ORD_00895,PROD_037,3,3868
ORD_00895,PROD_003,2,2261
ORD_00896,PROD_030,4,4328
ORD_00897,PROD_033,3,4822
ORD_00898,PROD_001,4,3263
ORD_00899,PROD_002,4,2491
ORD_00899,PROD_044,2,4685
ORD_00899,PROD_018,1,669
ORD_00900,PROD_043,4,4662
ORD_00901,PROD_019,3,1066
ORD_00901,PROD_025,4,3716
ORD_00901,PROD_041,3,1987
ORD_00902,PROD_044,1,1469
ORD_00902,PROD_044,2,4308
ORD_00902,PROD_023,3,4158
ORD_00903,PROD_008,4,4810
ORD_00903,PROD_036,2,2091
ORD_00903,PROD_027,2,1662
ORD_00904,PROD_046,4,4068
ORD_00905,PROD_033,4,1078
ORD_00906,PROD_017,2,3163
ORD_00906,PROD_016,4,2096
ORD_00906,PROD_021,3,2775
ORD_00907,PROD_042,1,545
ORD_00907,PROD_002,2,4767
ORD_00907,PROD_011,2,2549
ORD_00908,PROD_017,4,4009
ORD_00909,PROD_030,1,706
ORD_00910,PROD_013,2,1762
ORD_00910,PROD_050,2,4555
ORD_00911,PROD_027,2,1755
ORD_00911,PROD_023,2,1350
ORD_00912,PROD_018,3,3484
ORD_00912,PROD_049,3,2269
ORD_00913,PROD_013,2,3539
ORD_00914,PROD_037,1,4561
ORD_00915,PROD_043,3,1489
ORD_00916,PROD_046,1,1986
ORD_00916,PROD_029,4,3209
ORD_00916,PROD_035,3,862
ORD_00917,PROD_041,4,798
ORD_00918,PROD_033,2,1199
ORD_00919,PROD_013,2,801
ORD_00919,PROD_024,3,2644
ORD_00919,PROD_024,3,4083
ORD_00920,PROD_008,2,2978
ORD_00920,PROD_011,1,3664
ORD_00920,PROD_019,1,2098
ORD_00921,PROD_048,3,3498
ORD_00921,PROD_036,4,2504
ORD_00922,PROD_003,2,4985
ORD_00923,PROD_002,4,4187
ORD_00923,PROD_017,2,1788
ORD_00923,PROD_006,4,4045
ORD_00924,PROD_045,2,2264
ORD_00925,PROD_002,2,4748
ORD_00925,PROD_001,1,3522
ORD_00925,PROD_039,2,4215
ORD_00926,PROD_024,3,4295
ORD_00927,PROD_016,3,3308
ORD_00927,PROD_021,1,4289
ORD_00928,PROD_010,4,4618
ORD_00929,PROD_015,2,706
ORD_00929,PROD_012,3,1993
ORD_00930,PROD_026,4,4334
ORD_00931,PROD_026,4,2936
ORD_00932,PROD_016,4,2797
ORD_00933,PROD_005,4,977
ORD_00934,PROD_006,1,1684
ORD_00935,PROD_045,3,969
ORD_00936,PROD_042,3,2306
ORD_00936,PROD_041,1,1050
ORD_00937,PROD_041,2,2362
ORD_00937,PROD_026,4,2654
ORD_00937,PROD_011,2,984
ORD_00938,PROD_048,2,936
ORD_00938,PROD_021,1,3494
ORD_00938,PROD_026,2,3317
ORD_00939,PROD_016,3,1378
ORD_00939,PROD_040,3,1271
ORD_00940,PROD_044,4,4187
ORD_00941,PROD_035,4,2299
ORD_00942,PROD_040,2,3463
ORD_00942,PROD_027,2,1777
ORD_00942,PROD_046,4,2210
ORD_00943,PROD_009,2,4842
ORD_00943,PROD_036,2,1429
ORD_00943,PROD_033,1,1182
ORD_00944,PROD_027,4,1192
ORD_00944,PROD_041,2,2107
ORD_00944,PROD_048,4,3607
ORD_00945,PROD_028,2,793
ORD_00945,PROD_008,3,3849
ORD_00945,PROD_010,4,3510
ORD_00946,PROD_021,3,3044
ORD_00946,PROD_007,2,4485
ORD_00947,PROD_040,2,2939
ORD_00947,PROD_017,4,4778
ORD_00947,PROD_027,2,1385
ORD_00948,PROD_020,2,666
ORD_00949,PROD_031,1,2371
ORD_00949,PROD_046,1,2765
ORD_00949,PROD_034,2,3135
ORD_00950,PROD_050,1,1232
ORD_00950,PROD_020,1,4915
ORD_00950,PROD_039,2,2136
ORD_00951,PROD_042,2,3874
ORD_00952,PROD_043,4,2676
ORD_00952,PROD_026,4,1609
ORD_00952,PROD_013,2,1378
ORD_00953,PROD_039,2,1595
ORD_00953,PROD_002,1,4979
ORD_00953,PROD_039,2,2889
ORD_00954,PROD_008,3,1821
ORD_00955,PROD_027,1,2220
ORD_00956,PROD_044,2,503
ORD_00957,PROD_042,1,817
ORD_00957,PROD_032,3,4717
ORD_00957,PROD_007,1,493
ORD_00958,PROD_041,3,4815
ORD_00958,PROD_017,2,3577
ORD_00958,PROD_023,3,487
ORD_00959,PROD_018,1,2206
ORD_00959,PROD_040,2,2298
ORD_00959,PROD_015,4,332
ORD_00960,PROD_015,1,3888
ORD_00961,PROD_007,4,396
ORD_00962,PROD_041,4,4670
ORD_00962,PROD_001,4,3515
ORD_00962,PROD_001,2,4986
ORD_00963,PROD_032,3,773
ORD_00964,PROD_029,4,4502
ORD_00964,PROD_019,1,4106
ORD_00965,PROD_040,1,2177
ORD_00965,PROD_032,4,3972
ORD_00965,PROD_019,2,893
ORD_00966,PROD_048,4,2721
ORD_00966,PROD_005,3,2418
ORD_00966,PROD_042,4,3621
ORD_00967,PROD_005,1,2725
ORD_00968,PROD_020,3,4422
ORD_00968,PROD_049,3,517
ORD_00968,PROD_004,2,2229
ORD_00969,PROD_018,3,762
ORD_00969,PROD_045,1,793
ORD_00969,PROD_045,4,1848
ORD_00970,PROD_011,4,3460
ORD_00970,PROD_004,4,2225
ORD_00970,PROD_006,3,3360
ORD_00971,PROD_016,4,3883
ORD_00971,PROD_012,2,2304
ORD_00971,PROD_003,1,2230
ORD_00972,PROD_050,4,2141
ORD_00972,PROD_017,3,1454
ORD_00973,PROD_036,2,4758
ORD_00974,PROD_027,1,1431
ORD_00974,PROD_047,3,3879
ORD_00975,PROD_020,4,2920
ORD_00976,PROD_012,1,2819
ORD_00977,PROD_022,1,285
ORD_00977,PROD_043,2,3475
ORD_00978,PROD_007,1,4930
ORD_00978,PROD_021,1,3916
ORD_00978,PROD_041,1,3013
ORD_00979,PROD_047,2,1644
ORD_00979,PROD_024,2,254
ORD_00979,PROD_017,3,4000
ORD_00980,PROD_034,1,1798
ORD_00980,PROD_048,1,2970
ORD_00980,PROD_011,1,4209
ORD_00981,PROD_019,1,3787
ORD_00981,PROD_029,4,3193
ORD_00982,PROD_048,1,2865
ORD_00982,PROD_019,2,695
ORD_00983,PROD_030,2,4296
ORD_00983,PROD_042,4,976
ORD_00983,PROD_019,4,4635
ORD_00984,PROD_006,4,4433
ORD_00984,PROD_001,4,3389
ORD_00984,PROD_028,1,2820
ORD_00985,PROD_015,1,2756
ORD_00985,PROD_017,4,2117
ORD_00986,PROD_009,3,3865
ORD_00986,PROD_009,1,1730
ORD_00987,PROD_050,3,4090
ORD_00988,PROD_026,2,868
ORD_00989,PROD_038,2,4373
ORD_00989,PROD_001,4,391
ORD_00989,PROD_014,4,266
ORD_00990,PROD_040,4,4302
ORD_00990,PROD_034,2,3658
ORD_00991,PROD_017,4,4766
ORD_00991,PROD_044,3,4084
ORD_00991,PROD_013,1,1100
ORD_00992,PROD_043,2,2590
ORD_00992,PROD_002,1,735
ORD_00993,PROD_035,1,3057
ORD_00994,PROD_039,4,250
ORD_00994,PROD_002,3,4496
ORD_00995,PROD_030,3,369
ORD_00996,PROD_023,3,3113
ORD_00996,PROD_037,4,3616
ORD_00996,PROD_003,1,1118
ORD_00997,PROD_003,3,1691
ORD_00998,PROD_044,2,4608
ORD_00999,PROD_050,4,332
ORD_00999,PROD_004,3,4406
ORD_01000,PROD_046,2,1311
ORD_01000,PROD_038,3,2102
